,x
1,Npy
2,Sst
3,Avp
4,Agrp
5,Tac2
6,Beta.s
7,Dcn
8,Gal
9,Vip
10,Cartpt
11,Cga
12,Trh
13,Crabp1
14,Nts
15,Gm11428
16,Kiss1
17,Acta2
18,Gm5741
19,Ccl7
20,Mgp
21,Pf4
22,Pomc
23,Penk
24,X9630013A20Rik
25,Lyz2
26,Ccdc153
27,Ccl4
28,Gkn3
29,Igf2
30,Crh
31,Tac1
32,Ghrh
33,Sspo
34,Cxcl2
35,Cck
36,Npvf
37,Pmch
38,Chga
39,Ccl12
40,Ccl24
41,Ccl2
42,Ces1d
43,Th
44,Tmem212
45,Oxt
46,Spp2
47,Cxcl1
48,Ccl3
49,Rarres2
50,Cd74
51,Pvalb
52,Rgs5
53,Ly6c1
54,Sln
55,Myl9
56,Vtn
57,Apold1
58,Tagln
59,Top2a
60,Grp
61,Gng8
62,Spp1
63,Tpm2
64,Klk6
65,Krt18
66,Ube2c
67,Ly6a
68,Gfap
69,Il1b
70,Hdc
71,X3110047P20Rik
72,Ctss
73,Myh11
74,Gpr151
75,Crip1
76,Mia1
77,H2.Aa
78,Hcrt
79,Wfdc2
80,Crispld2
81,Sncg
82,Nms
83,Cited1
84,Cbr2
85,Prkcd
86,Igfbp7
87,Cxcl10
88,Calb2
89,Cd209f
90,X1500015O10Rik
91,Tshb
92,Scn7a
93,Fcna
94,Scube1
95,Dynlrb2
96,H2.Eb1
97,Prc1
98,Ctxn3
99,Slc18a2
100,Fyn
101,Sec14l3
102,Lyve1
103,Lum
104,Wif1
105,H2.Ab1
106,C1qb
107,Prph
108,Pcp4
109,Cenpf
110,Nupr1
111,Nrgn
112,Sag
113,Epcam
114,X8430408G22Rik
115,Calml4
116,C1qa
117,F13a1
118,Pde6g
119,C1qc
120,Tnf
121,X2810417H13Rik
122,Tm4sf1
123,Il1a
124,Pbk
125,Apoc3
126,Meis2
127,Nefm
128,Rsph1
129,Gnb3
130,Hmmr
131,Itm2a
132,Tulp1
133,Arpp21
134,Cyp2f2
135,Slc6a3
136,Necab3
137,Ctla2a
138,Il12b
139,Mrc1
140,Car3
141,Bmp4
142,Gpr17
143,Car4
144,Klf2
145,Ak7
146,Cd14
147,Igfbp2
148,Hexb
149,Krtap17.1
150,X1700094D03Rik
151,Id1
152,Crym
153,Edn1
154,Pnoc
155,Tcf7l2
156,Vgf
157,Thrsp
158,Serpina3n
159,Cytl1
160,Hspb1
161,Cdk1
162,Pltp
163,Tyrobp
164,Egr4
165,Dqx1
166,Foxb1
167,Aqp4
168,Kctd14
169,Ly86
170,Fmod
171,Gpr116
172,Gpr84
173,Cdc20
174,Agt
175,Cenpa
176,Fam159b
177,Neurod1
178,Gm10714
179,Inmt
180,Cx3cr1
181,Icam1
182,Folr2
183,Esm1
184,Bcl2a1b
185,Ccdc146
186,X1700009P17Rik
187,Nnat
188,Calca
189,E030010A14Rik
190,Chgb
191,Slco1a4
192,Plek
193,Nusap1
194,Cplx3
195,Cyp2a5
196,Cldn5
197,Rprm
198,Flt1
199,Col23a1
200,Cpne9
201,Shox2
202,Abcb1a
203,S100a6
204,Htr5b
205,Prok2
206,Crhbp
207,Ccnb1
208,X1110017D15Rik
209,Krt8
210,Rcan1
211,Csf1r
212,Hspa1a
213,Odf3b
214,Nfasc
215,Sox9
216,Scg2
217,Cd163
218,Ifitm3
219,Ppp1r17
220,Dlk1
221,Cbln2
222,Slc2a1
223,Enkur
224,Iqca
225,Ccl5
226,Cxcl12
227,Ckap2
228,Spc25
229,Cyr61
230,Edn3
231,Id3
232,Cd83
233,Ptprb
234,Nexn
235,Slc6a13
236,Adcyap1
237,Chat
238,Mns1
239,Rgs1
240,Ccl6
241,Slc17a8
242,Enpp6
243,Clec10a
244,Igfbp5
245,Lmod1
246,Cd24a
247,Bdnf
248,Krt17
249,Slco1c1
250,Cd209a
251,Myoc
252,X4930547N16Rik
253,Mpp4
254,Rrad
255,Tph1
256,Bcas1
257,Hes1
258,Fcer1g
259,Trem2
260,Mafb
261,Prdx6
262,Dapl1
263,Gad2
264,X1700016K19Rik
265,Sirt2
266,Fam183b
267,Cldn7
268,X1700001C02Rik
269,Ramp3
270,Ccdc19
271,Mustn1
272,Mpzl1
273,Laptm5
274,Chrna3
275,Gnrh1
276,Sdpr
277,BC033916
278,Cplx1
279,Ccl9
280,Chrnb4
281,Tnnt1
282,X1700012B09Rik
283,Gm973
284,Siglech
285,Ramp2
286,Ptgds
287,Foxj1
288,Olfr558
289,Cox6a2
290,Mfap4
291,Itih5
292,Ms4a7
293,Maob
294,Hspa1b
295,Nefl
296,Hist1h4h
297,Ldlrad2
298,Pou4f1
299,Higd1b
300,Cdkn1c
301,Ifi27l2a
302,Sntn
303,Ppp1r1b
304,Emp1
305,Coch
306,Gm8773
307,Ctgf
308,Timp3
309,Alas2
310,Rgs16
311,Ccl11
312,Kcnj8
313,Calb1
314,Synpr
315,Ferd3l
316,Il23a
317,Cenpe
318,Selplg
319,Vim
320,Il10
321,Cdca3
322,Col1a2
323,Slc17a6
324,Rrm2
325,Spag17
326,Mki67
327,Nhlh2
328,Nrn1
329,Pcp4l1
330,Mylk
331,Slc5a7
332,Gsn
333,Sox17
334,Pitx2
335,Ecel1
336,Nr4a2
337,Net1
338,Serpine1
339,P2ry12
340,Crygn
341,Atf3
342,Mag
343,Chn2
344,Cldn10
345,Meig1
346,Gsc
347,Mt2
348,Apod
349,Pde6b
350,Rbp3
351,Asb4
352,Dbi
353,Rab3b
354,Fxyd5
355,Fam64a
356,Ifitm1
357,Rgs2
358,E030002O03Rik
359,Adamts1
360,Fxyd1
361,Slc1a3
362,Tnfaip2
363,Igfbp6
364,Lpl
365,Itih3
366,Sprr1a
367,Ppp1r1a
368,Resp18
369,Areg
370,Cldn26
371,Cxcl14
372,Filip1l
373,Cd52
374,Sod3
375,Pln
376,Ptrf
377,Tctex1d4
378,Ccrl2
379,Neurod2
380,Vsnl1
381,Npas4
382,Timeless
383,Cdca8
384,Tinagl1
385,X1190002F15Rik
386,Arhgap36
387,Aebp1
388,A230065H16Rik
389,Mest
390,Ascc1
391,Mlc1
392,Opalin
393,X1190002H23Rik
394,Srgn
395,Cald1
396,Cdhr3
397,Robo3
398,Lhx8
399,Bmx
400,Lbp
401,Ms4a6c
402,Aif1
403,X1500016L03Rik
404,Nfkbia
405,Ntng1
406,Ccl8
407,Prlr
408,Col6a5
409,Ccdc33
410,AU021034
411,Tspan2
412,E230008N13Rik
413,Dnajb1
414,Esam
415,Clec4n
416,Riiad1
417,B2m
418,Lgals1
419,Esco2
420,Vgll2
421,Mt3
422,Ms4a4b
423,S100b
424,Ntsr2
425,Ttr
426,Lims2
427,H2.Ea.ps
428,Pcolce
429,Ctps
430,Pglyrp1
431,X6330527O06Rik
432,Fam83a
433,Rasd1
434,Gda
435,Stab1
436,Gad1
437,Prss56
438,Mal
439,Ier3
440,Gpnmb
441,Slc38a5
442,D2Ertd750e
443,Cd36
444,Clec7a
445,Wdr52
446,Spa17
447,Snap25
448,Eomes
449,Sox18
450,Nes
451,Abp1
452,Anxa1
453,X1700026D08Rik
454,Gm4792
455,Slc1a2
456,Wdr96
457,Adh1
458,Cdkn1a
459,Slc24a1
460,Ezr
461,Slc4a4
462,Gpx3
463,Msx1
464,Hpca
465,Ccdc37
466,Angpt1
467,Cldn11
468,Fabp7
469,Cngb3
470,Cytip
471,Trdn
472,Tmem107
473,X1600029I14Rik
474,Lilrb4
475,Aldh1a2
476,Fn1
477,Syt1
478,Lrg1
479,Lrrc51
480,Gpr101
481,Birc5
482,Spink4
483,Zfp36
484,Gja1
485,H19
486,Mobp
487,X6330403K07Rik
488,Cplx4
489,AI607873
490,Thy1
491,Ccdc78
492,Rnf122
493,Hbegf
494,H2.D1
495,Nlrp3
496,Slc26a10
497,Sncb
498,Edn2
499,Vwf
500,Sdc4
501,Dlx1
502,Ifit1
503,C1ql3
504,F2rl1
505,Gm13889
506,Zcchc12
507,Bfsp2
508,Anxa2
509,Kif23
510,Matn1
511,Itih2
512,Aipl1
513,Rax
514,Cd209b
515,Birc2
516,Pitx1
517,Pak4
518,Lrrc23
519,Pth2
520,Il1rn
521,Id2
522,Ccnd2
523,Mmp13
524,Aurkb
525,Kif20b
526,Gm1821
527,Irs4
528,Ngfr
529,Ahnak
530,Lypd1
531,Dnali1
532,X1700024G13Rik
533,Egfl8
534,Cd68
535,Gapdh
536,Hopx
537,Ncdn
538,Rspo3
539,Fcrls
540,Peg10
541,Necab2
542,Rbp1
543,Fam166b
544,Epas1
545,Bgn
546,Col25a1
547,Ntrk1
548,Nr5a2
549,Cp
550,Nrsn1
551,Armc3
552,Scgn
553,Gngt2
554,Ugt8a
555,C3ar1
556,Lrrc48
557,Gpr83
558,Klf4
559,Gjb6
560,Slc32a1
561,Ccna2
562,Clu
563,Foxq1
564,Serping1
565,Smc4
566,C030019I05Rik
567,Abcg2
568,Pthlh
569,Krt15
570,Aldoc
571,Npw
572,Ifi47
573,Lcn2
574,Hes5
575,Dusp2
576,BC048546
577,Fezf1
578,Fbxw13
579,Tmem108
580,Slc9a3r2
581,Isl1
582,Mog
583,Pcsk1
584,Ccdc108
585,Chodl
586,X4930451C15Rik
587,Uaca
588,Nuf2
589,C1ql2
590,Gja4
591,Nudt4
592,Slc10a4
593,Ckap2l
594,Tmem119
595,Ntrk2
596,Arhgap6
597,Fcgr3
598,Mis18bp1
599,Ppp1r32
600,Pla2g7
601,Nmu
602,Cldn9
603,Gbx2
604,Dlgap5
605,Rgs4
606,Lrrtm1
607,Tbx18
608,Cyp2e1
609,Ly6e
610,Pdgfra
611,Pkib
612,Slfn2
613,Irgm1
614,Cdh26
615,Mgst1
616,Col3a1
617,Hpcal1
618,Snca
619,Tspan1
620,Kctd12
621,Rsph4a
622,Clspn
623,Des
624,X2610028H24Rik
625,Akap14
626,Apobec2
627,Col8a1
628,Chek2
629,Rasl11b
630,Qrfp
631,Grm1
632,X1700007G11Rik
633,Thbd
634,Ptpn3
635,Prelp
636,Tesc
637,Tal2
638,Ndufa4l2
639,Egfl7
640,Dkk2
641,Slc15a3
642,Car9
643,Cbln1
644,Podxl
645,Lhx1
646,Efcab10
647,Nostrin
648,Efemp1
649,Olfml3
650,Cacna2d1
651,Iigp1
652,Lect1
653,Cxcl11
654,Iqcg
655,Acvrl1
656,Slc16a2
657,Capsl
658,Tpx2
659,Ppp1r36
660,H2.K1
661,Abhd12b
662,Zfp36l1
663,Nfkbiz
664,Sprr2i
665,Serpinf1
666,Pik3r3
667,Igfbpl1
668,Eltd1
669,Gpr183
670,Ccdc113
671,Gadd45g
672,Itgam
673,Wfdc1
674,Atp1a2
675,Vcan
676,Gamt
677,Cdca7
678,X4933430H15Rik
679,Prg4
680,Igfbp4
681,S100a11
682,Stmn2
683,Mlf1
684,Neu4
685,Plk1
686,Pdc
687,Slc6a11
688,Gabrb2
689,Alpl
690,Ifitm2
691,Fndc3c1
692,Lrriq1
693,Npas1
694,Spc24
695,Fxyd7
696,C1ql1
697,Saa1
698,Cnp
699,Art3
700,Bcl2a1a
701,Bsg
702,Fgfbp1
703,Ifnb1
704,Cd84
705,X1700007K13Rik
706,Col9a3
707,Serpini1
708,Moxd1
709,Gata2
710,Fgl2
711,Bub1
712,Gabrd
713,Tmem163
714,Apoc1
715,Agr3
716,Uts2
717,Smc2
718,Il2rb
719,Ngb
720,Plat
721,Vcam1
722,Crtac1
723,Tnfaip3
724,Nf2
725,Sgms1
726,Ltc4s
727,Prom1
728,Palmd
729,Ly6h
730,Cst7
731,Cdhr1
732,Cebpd
733,Cd59a
734,Pde1a
735,Calcr
736,Npy2r
737,Gm4841
738,P2ry14
739,Slc22a8
740,Gckr
741,Pgr15l
742,Cyct
743,Gm4847
744,Tmem158
745,Slc6a6
746,X9430020K01Rik
747,Prph2
748,Ptgs2
749,G0s2
750,Kcnma1
751,Il6
752,Tmem141
753,Rbp4
754,Akap12
755,Gabra1
756,Rgs10
757,Fkbp15
758,Pde6c
759,S100a10
760,Arpc1b
761,Zic1
762,Rsad2
763,X1700086L19Rik
764,Gpr34
765,Rnase4
766,D830015G02Rik
767,Sytl4
768,Nrip3
769,Gap43
770,Cst3
771,Vpreb3
772,Dgkb
773,Gem
774,Samd3
775,Rassf10
776,C5ar1
777,Emcn
778,Rpph1
779,Sema3c
780,Cybb
781,Nppa
782,Dab2
783,Gm2694
784,Tmem35
785,X1700088E04Rik
786,Gpx2
787,Npr3
788,Atp13a5
789,A030009H04Rik
790,Mpeg1
791,Fbln5
792,Cd53
793,Paqr5
794,X1700027A23Rik
795,Gpc3
796,Chad
797,Gzmm
798,X4930583H14Rik
799,Mbp
800,Cpe
801,Slc36a2
802,Hs6st2
803,Vamp1
804,Plk2
805,Hpgds
806,Sgol2
807,Atp1b1
808,Lpar1
809,Il33
810,Gm5480
811,Kcnq1ot1
812,Aldh1a1
813,Apoe
814,AU040972
815,E130306D19Rik
816,Fyb
817,Rab3c
818,Colec12
819,Lhx9
820,Figf
821,Incenp
822,Ndc80
823,Lhx6
824,X1700028P14Rik
825,Utrn
826,Asgr1
827,Dnahc5
828,X4930578N16Rik
829,Uchl1
830,Crx
831,Ccnb2
832,Zp3
833,Col11a1
834,Iffo2
835,Eng
836,Aspm
837,Ndrg4
838,Sox14
839,Rgs7bp
840,Cpne4
841,Id4
842,Cnn1
843,Igfbp3
844,C6
845,Nxph4
846,Irf1
847,Pmaip1
848,Ace2
849,Btg2
850,Gpr30
851,Anln
852,E030044B06Rik
853,Tmem30b
854,Tmprss6
855,Nell2
856,Emp3
857,Foxp2
858,Cav1
859,Pld4
860,Osm
861,Necab1
862,Morn5
863,Trf
864,Syt4
865,Ildr2
866,Six6
867,Guca1a
868,Mc4r
869,Aspn
870,Plau
871,Rprml
872,Col8a2
873,Nbl1
874,Ermn
875,Slfn5
876,Dbpht2
877,ORF63
878,Txnip
879,Cfh
880,Gm1574
881,Mfge8
882,Tmem2
883,Mfap5
884,Hmgb2
885,Stc1
886,Atp1a3
887,X2510049J12Rik
888,BC051019
889,Hapln2
890,Elavl2
891,Syt2
892,Isg15
893,Ccnd1
894,Gbp2
895,Nppc
896,Rps28
897,Cd3d
898,Zic4
899,Cdc25c
900,Rasl11a
901,Dpt
902,Mad2l1bp
903,Sfrp1
904,Slc18a3
905,Gjc2
906,Hk2
907,Ier2
908,Grb14
909,Spef2
910,Arc
911,Scn4b
912,Fam46a
913,Ust
914,Tlr2
915,Ccdc18
916,Nefh
917,Vipr2
918,Lmo4
919,Clec3b
920,Fabp4
921,Cplx2
922,Kcne4
923,Fam180a
924,X4833423E24Rik
925,Slc5a8
926,Spdef
927,Pax3
928,X3110035E14Rik
929,Kif15
930,Rpl10
931,Socs3
932,Clec12a
933,Pecam1
934,Pdlim2
935,Frzb
936,Anxa3
937,Scn1a
938,S1pr1
939,A930003A15Rik
940,Tmem47
941,X2410004P03Rik
942,Cgnl1
943,Sfrp5
944,Stmn3
945,Mb
946,Rbfox1
947,X2610034M16Rik
948,Fam107a
949,X2900052N01Rik
950,Tuba1c
951,X2610028E06Rik
952,Apoc2
953,Arg1
954,Il2ra
955,Pbxip1
956,F9
957,Kank3
958,Cdca2
959,Ccdc11
960,Casq2
961,Cd69
962,Hrct1
963,Ednrb
964,Col1a1
965,Ces2e
966,Glycam1
967,Gbp7
968,Icam2
969,Ctsh
970,Arhgap29
971,Mmrn2
972,Tekt1
973,Oas1h
974,Ly6d
975,Arhgap11a
976,Frmd4a
977,Cntnap2
978,Sfpi1
979,Rab33a
980,Ncf1
981,X4832428D23Rik
982,Lrrc32
983,X1700019G24Rik
984,Alox12e
985,Serpinb11
986,Sepp1
987,Gpr88
988,Sparcl1
989,Ecm2
990,Ephx3
991,Acvr1c
992,Gstm1
993,Sparc
994,Myh13
995,Gata3
996,Lhfpl3
997,Rras2
998,AI847159
999,Tmem130
1000,Barhl1
1001,Serpina1b
1002,Perp
1003,Armc4
1004,Col15a1
1005,Fcgrt
1006,Hmx3
1007,Gjb1
1008,Tek
1009,Gadd45b
1010,Ranbp3l
1011,Lhx5
1012,Aqp5
1013,Krt7
1014,Hipk1
1015,Cd34
1016,Ifit3
1017,Barhl2
1018,Ckmt1
1019,Plcb4
1020,Thbs1
1021,Rpl17
1022,Rpl9
1023,Wdr16
1024,Gm17455
1025,Anxa8
1026,X4933404M02Rik
1027,C130074G19Rik
1028,Tnnt2
1029,Golim4
1030,Syt10
1031,Hist1h1c
1032,Bmp2
1033,AB099516
1034,Rpl21
1035,X6820408C15Rik
1036,Lin7a
1037,Fstl5
1038,Six3
1039,Tenc1
1040,Fhad1
1041,Fbln2
1042,Krt27
1043,Tmem45b
1044,A330069E16Rik
1045,Nrxn3
1046,Il17b
1047,Mt1
1048,Dusp27
1049,Ccr7
1050,Sema6a
1051,Syt15
1052,Gpr65
1053,Cd300lb
1054,AW549542
1055,Anxa5
1056,Nrsn2
1057,Kcnc1
1058,Tmem204
1059,Ect2
1060,Slc7a10
1061,Serpinb1a
1062,Cd93
1063,Rps23
1064,Gjb2
1065,Slc14a2
1066,Racgap1
1067,Rps29
1068,Gp49a
1069,Dpep1
1070,Timp1
1071,Cyp4b1
1072,Maf
1073,Lypd2
1074,Slc7a11
1075,Cxcl5
1076,Hmgcs2
1077,Fezf2
1078,AW112010
1079,Lsr
1080,Prss23
1081,Tgm2
1082,Ablim1
1083,Lgals3
1084,Chchd10
1085,Cd9
1086,Pdgfrb
1087,Tagln3
1088,Gm6377
1089,Atp6v1g2
1090,Cited2
1091,Cdca5
1092,Ltbp4
1093,Maff
1094,Rpl11
1095,Accsl
1096,Ppp1r14a
1097,Kcnj13
1098,Clic5
1099,Casc5
1100,Il10ra
1101,Lhx4
1102,Neurod4
1103,Col6a1
1104,Gm216
1105,Ddit4l
1106,Csrp2
1107,Tspo
1108,Cidea
1109,Fgf10
1110,Scn9a
1111,Celf4
1112,AI593442
1113,Rasgrp1
1114,Cetn4
1115,Fam83d
1116,Hbb.y
1117,Zfp862
1118,Tmem178
1119,B630019K06Rik
1120,Cpne7
1121,Mef2c
1122,Ch25h
1123,Saa3
1124,Cd2
1125,Gdf15
1126,Btbd17
1127,Pcsk1n
1128,Pam
1129,Glb1l3
1130,X1700017N19Rik
1131,Fmr1nb
1132,Ibsp
1133,Odz2
1134,Rps12
1135,Gngt1
1136,Ccdc135
1137,Ociad2
1138,Lmx1a
1139,Cxcl3
1140,Dmkn
1141,X2210020M01Rik
1142,Gimap6
1143,Cdh1
1144,Napb
1145,Ddc
1146,Dio3
1147,Spata16
1148,Nme5
1149,Serpinb1b
1150,Irf8
1151,Plin3
1152,Casp4
1153,Ndn
1154,Bcl11b
1155,Nkain4
1156,Tmprss2
1157,Pcsk2
1158,Ccdc141
1159,Ppap2b
1160,Tnni3
1161,Tiparp
1162,Scrg1
1163,Rasgef1b
1164,Tagln2
1165,Hspa2
1166,Egr2
1167,Kctd8
1168,C2cd4a
1169,Junb
1170,X2010204K13Rik
1171,Sele
1172,Igf1
1173,Cyba
1174,Tacr3
1175,X1810029B16Rik
1176,Cdkn2c
1177,X2610015P09Rik
1178,X9130014G24Rik
1179,Mael
1180,Bcam
1181,Gas1
1182,Car2
1183,Cnksr3
1184,Degs2
1185,Rlbp1
1186,Kcnip4
1187,Rorb
1188,D930028M14Rik
1189,Mab21l1
1190,Caly
1191,Mllt11
1192,Zfp804a
1193,Bub1b
1194,Rnf19b
1195,Agxt2l1
1196,Ccno
1197,S100a4
1198,Colq
1199,Tsnaxip1
1200,Chrnb3
1201,Cbln4
1202,Vgll3
1203,Ripk4
1204,S100g
1205,Ushbp1
1206,Rpl24
1207,Gjc1
1208,Rbfox3
1209,Ttll6
1210,Cyp26b1
1211,Gabrg2
1212,X4932425I24Rik
1213,Tmem59l
1214,Ccdc34
1215,Ogn
1216,Fkbp11
1217,Nr2f2
1218,Syt5
1219,Ccdc81
1220,Ctsc
1221,Gabra5
1222,Golm1
1223,Tmem125
1224,Wdr63
1225,Bcr
1226,Rnf128
1227,Ano1
1228,Acsbg1
1229,Slc35d3
1230,Cpxm2
1231,Tagap
1232,Folr1
1233,Rnd3
1234,Fam159a
1235,Gp1bb
1236,Wisp2
1237,AU021092
1238,Ccdc121
1239,Syt6
1240,Npy6r
1241,Pde6h
1242,Eno2
1243,Ttc25
1244,Lrrc55
1245,Nr4a1
1246,Itga2
1247,Cryab
1248,Ptprcap
1249,Gtse1
1250,X6330406I15Rik
1251,D730048J04Rik
1252,Slc7a5
1253,Tk1
1254,Brca1
1255,X2010001M06Rik
1256,Acp5
1257,Lmod3
1258,Creb3l4
1259,Cep55
1260,X1700019L03Rik
1261,Elavl4
1262,Efcab4b
1263,Hs3st4
1264,Fxyd6
1265,Als2cr12
1266,X4932443I19Rik
1267,Epha4
1268,Pdzrn4
1269,Impact
1270,Cldn3
1271,Kif2c
1272,Sox11
1273,Elovl7
1274,Acer2
1275,Bex2
1276,Vegfc
1277,X1700026L06Rik
1278,Dct
1279,Grrp1
1280,Ttyh1
1281,Bcl11a
1282,Gpr37l1
1283,Mab21l2
1284,Syn2
1285,Krt9
1286,Cspg4
1287,Rps27a
1288,Tuba4a
1289,Islr
1290,Adora2a
1291,Glipr1
1292,Syt7
1293,Ska1
1294,Tmsb10
1295,Defb1
1296,Nsf
1297,Camk2n1
1298,Ptgs1
1299,Dgkk
1300,F3
1301,Erc2
1302,Kcnk2
1303,Samsn1
1304,Fbln7
1305,Emp2
1306,Ezh2
1307,Efna5
1308,Lyg2
1309,Spint2
1310,X1810011O10Rik
1311,Speer4e
1312,Qrfpr
1313,Pak3
1314,Otx1
1315,Ralyl
1316,Pcbd1
1317,Rab3a
1318,Tbx3
1319,Cxcl16
1320,Tgfbi
1321,AW551984
1322,Dyx1c1
1323,Ccdc3
1324,Dgkg
1325,Adamts4
1326,D5Ertd605e
1327,Nmb
1328,Bex1
1329,Tnfsf18
1330,Bcan
1331,Sgcg
1332,X4632428N05Rik
1333,Fas
1334,Ffar2
1335,Gm694
1336,X1700012P22Rik
1337,Cenph
1338,X1810019J16Rik
1339,X4833428L15Rik
1340,Rnu11
1341,Serpina3f
1342,Trim72
1343,Vdr
1344,Akap2
1345,Mapk15
1346,Trim47
1347,Itgad
1348,Pdp1
1349,Ctxn2
1350,Pax6
1351,Cdkn2b
1352,Celf6
1353,Rpl23a
1354,Ywhah
1355,Lmna
1356,Htr3b
1357,Rreb1
1358,Cpne6
1359,Dio2
1360,A730017C20Rik
1361,Tbx19
1362,Cxcr7
1363,Cox4i2
1364,Pamr1
1365,Rgs17
1366,X2900011O08Rik
1367,X1700017J07Rik
1368,X2410003L11Rik
1369,X4930511A02Rik
1370,A530053G22Rik
1371,Zswim2
1372,Gng13
1373,Fam81a
1374,Atp2b1
1375,Foxp1
1376,Hap1
1377,Rap2a
1378,Rbms3
1379,Hlf
1380,Gbp3
1381,Akap5
1382,Ccr1
1383,Cygb
1384,Nek2
1385,Ahi1
1386,Kitl
1387,Ncapg
1388,X4732456N10Rik
1389,Bpifb4
1390,Tmem91
1391,Brs3
1392,Usp51
1393,Spef1
1394,Aldh3a1
1395,Cd3e
1396,Cd3g
1397,Adamtsl3
1398,Lamb3
1399,Tgfbr1
1400,Otx2
1401,Gch1
1402,Bphl
1403,Lgi3
1404,Myt1l
1405,Hmx2
1406,Syp
1407,Nsg2
1408,Cep290
1409,Chl1
1410,Grm2
1411,Cdc42ep3
1412,Abcc9
1413,Bace2
1414,Lxn
1415,Ccdc39
1416,Rph3a
1417,X1700023L04Rik
1418,Atp6ap1l
1419,Macc1
1420,Tnfsf15
1421,Tgm6
1422,X1700040L02Rik
1423,Tubb2a
1424,Musk
1425,Unc13c
1426,Nell1
1427,Nek5
1428,Rbpms
1429,Arhgdig
1430,Dkk3
1431,Lamb2
1432,Krt14
1433,Ogfrl1
1434,Ppia
1435,Camkv
1436,Lef1
1437,Pnck
1438,Prkar1b
1439,Tubb3
1440,Gm17745
1441,Mrap2
1442,Elof1
1443,Dnahc6
1444,Luzp1
1445,Dsp
1446,Car8
1447,Bet3l
1448,Cxcl13
1449,Gm364
1450,Gpr18
1451,Ldlrad1
1452,Myom2
1453,Ctsd
1454,X4930523C07Rik
1455,Rab6b
1456,Fgfr3
1457,AF251705
1458,Rad54b
1459,Angptl7
1460,Pcdh17
1461,Slc24a2
1462,Kcna2
1463,Npb
1464,Zdbf2
1465,Kcna1
1466,Nxph2
1467,Tcf21
1468,Adap2
1469,Cacna2d2
1470,Tmem88b
1471,Cacna1s
1472,Elf3
1473,Cspg5
1474,A230073K19Rik
1475,X1700026J04Rik
1476,C3
1477,Saa2
1478,Clstn2
1479,Fam46b
1480,Tpsg1
1481,Tyrp1
1482,Epb4.1l2
1483,Tgfb2
1484,Dbndd2
1485,Sim1
1486,Slc8a1
1487,Adarb1
1488,Slc30a3
1489,Kcnip1
1490,Gria1
1491,Rxrg
1492,Ramp1
1493,Nfkbid
1494,Vwa1
1495,Col13a1
1496,Sfrp2
1497,Rspo4
1498,Cela2a
1499,Kcnmb1
1500,Rwdd2a
1501,Ndrg2
1502,Inhba
1503,Cdk15
1504,Ier5
1505,Pld3
1506,Pi16
1507,Trp53i11
1508,Car14
1509,Car10
1510,Mgst3
1511,Lgals7
1512,Vwa3a
1513,Mxd3
1514,Gng2
1515,Hmgn5
1516,Kif5c
1517,Cpne5
1518,Rgs22
1519,Tekt2
1520,Tmem215
1521,Hspb8
1522,Gabra4
1523,Best2
1524,Kcnj15
1525,Sis
1526,Fa2h
1527,Slc39a12
1528,Cdh5
1529,Pgm2l1
1530,Msr1
1531,Il1r2
1532,Edaradd
1533,Tmem100
1534,Ablim2
1535,Prokr2
1536,Tmeff2
1537,Corin
1538,Phldb2
1539,Grasp
1540,Sh3bgr
1541,Cenpk
1542,Gjc3
1543,Scara5
1544,Serpina3h
1545,Chst9
1546,Grm5
1547,Gm10640
1548,Klrk1
1549,Ltbp2
1550,Myog
1551,Ppp1r2.ps7
1552,X2610528J11Rik
1553,Adam28
1554,Gdf3
1555,Pax8
1556,Nkapl
1557,Deptor
1558,Flnc
1559,Unc5d
1560,Sntb2
1561,Sema7a
1562,Dnaic2
1563,Pld5
1564,Cend1
1565,Clec4a2
1566,Ass1
1567,Slc40a1
1568,Rims2
1569,Fbxl22
1570,BC039966
1571,A930038C07Rik
1572,Emid1
1573,Mapk13
1574,Npy1r
1575,Btbd16
1576,Unc93b1
1577,Lair1
1578,Tcf19
1579,Gldn
1580,Matn4
1581,Drd1a
1582,Aspa
1583,Timp4
1584,X4833422F24Rik
1585,Emx2
1586,Ebf3
1587,Pdlim3
1588,Got1
1589,Plaur
1590,Zmynd10
1591,Cd5
1592,Trat1
1593,X4930402F06Rik
1594,X1810008I18Rik
1595,Phlda1
1596,Kif20a
1597,Fst
1598,S1pr3
1599,Myh7
1600,Cnn2
1601,Fhl1
1602,Pih1d2
1603,Rab37
1604,Ms4a6b
1605,Kcnip3
1606,Arr3
1607,Asb2
1608,Ptprr
1609,Olfm1
1610,Mycl1
1611,Tnfaip6
1612,Cpox
1613,Ecm1
1614,Lrrc43
1615,Fam101b
1616,Pla2g2d
1617,Rhbdl2
1618,Col20a1
1619,Hpgd
1620,Lypd6b
1621,Gng3
1622,Rpl3
1623,Gadd45a
1624,Tex15
1625,Sult1a1
1626,Inadl
1627,Gabra2
1628,Gaa
1629,Olr1
1630,Nkx2.9
1631,Glra2
1632,Rps6
1633,Cabp5
1634,Olig1
1635,X2200002D01Rik
1636,Mycbpap
1637,Mfsd2a
1638,Ebf1
1639,Dnaic1
1640,Hc
1641,Rit2
1642,Scn1b
1643,Slc17a7
1644,Mxra8
1645,Fcgr2b
1646,Tns1
1647,Slc7a14
1648,Sp9
1649,Onecut2
1650,BC028528
1651,Ptpn18
1652,Rad50
1653,Man1a
1654,Vstm2a
1655,Tnfsf14
1656,Bbox1
1657,Grap
1658,Lix1
1659,X1700047M11Rik
1660,Spink8
1661,Ppp1r14b
1662,Angptl1
1663,X2310007L24Rik
1664,Dlx6as1
1665,Nsg1
1666,AI606473
1667,Avpi1
1668,Tnfsf9
1669,Slc13a1
1670,Chrna6
1671,X1700113H08Rik
1672,Akr1c18
1673,Bpifb5
1674,Btnl9
1675,Ctsg
1676,Cyp2b10
1677,Gm1045
1678,Gm10474
1679,Hoxb5
1680,Itgal
1681,Odf4
1682,Pldi
1683,Snora30
1684,X1700060C20Rik
1685,X2210417A02Rik
1686,X4930443O20Rik
1687,X9230104L09Rik
1688,A730069N07Rik
1689,Aqp7
1690,BC048609
1691,Bglap
1692,Bpifb2
1693,Cldn4
1694,Crygd
1695,Cryge
1696,Cxcl9
1697,Defb45
1698,Dntt
1699,Dupd1
1700,F11
1701,Fpr1
1702,Gm10684
1703,Gm11549
1704,Gm4251
1705,Gm5458
1706,Hils1
1707,Klk1b8
1708,Klrb1b
1709,Mir1907
1710,Mir690
1711,Mogat2
1712,Olfr288
1713,Ppy
1714,Pramef12
1715,Prlh
1716,Rnase10
1717,Snord110
1718,Snord90
1719,Tff3
1720,Tprg
1721,Nptx2
1722,Sgk1
1723,C1qtnf9
1724,Cyth3
1725,Alcam
1726,Smoc2
1727,Pex5l
1728,Igsf8
1729,X2010005H15Rik
1730,Hsd17b7
1731,Sstr1
1732,X1700045I19Rik
1733,Hp
1734,Sox4
1735,Bend6
1736,Sept4
1737,Slc1a1
1738,Cdo1
1739,Ret
1740,Gm4827
1741,Serpinb5
1742,Cdh8
1743,Fbxw7
1744,Tubb4a
1745,Slc13a4
1746,Adra1b
1747,Ptgir
1748,Gprasp2
1749,Spag6
1750,Syne1
1751,Clic1
1752,Fmo2
1753,Syngr3
1754,Egr1
1755,A330050F15Rik
1756,Kif9
1757,Gm11744
1758,Vat1l
1759,Gsg1
1760,Cxx1c
1761,X6330403A02Rik
1762,Ubxn11
1763,Slc5a5
1764,Casp8ap2
1765,Rps8
1766,Gnal
1767,Tpm1
1768,Lrrc46
1769,Plvap
1770,Rell1
1771,Neat1
1772,Dnahc2
1773,Alox15
1774,Ppil6
1775,Blnk
1776,Tspan15
1777,X2310005G13Rik
1778,Foxi1
1779,Krt20
1780,Tectb
1781,Tmem54
1782,Fjx1
1783,Cldn14
1784,Msrb2
1785,Steap4
1786,Mtap1b
1787,H2afj
1788,Ccdc150
1789,Atp2b2
1790,Camk2a
1791,Cdk14
1792,Ccl22
1793,Rras
1794,AB124611
1795,Cfp
1796,Vav3
1797,Cnih2
1798,Lmo2
1799,Mdh1
1800,Cnih3
1801,Gsto1
1802,Antxr1
1803,Slc44a1
1804,Plekha1
1805,Rtn4rl1
1806,Fgf9
1807,Adcy4
1808,Pdcd4
1809,Dkkl1
1810,Fanci
1811,Lonrf3
1812,Lrrc38
1813,Baz1a
1814,Cnr1
1815,Ptprn
1816,Unc45b
1817,Snhg11
1818,Lrrc36
1819,Tacc3
1820,Fndc5
1821,Gpr126
1822,Kcnc2
1823,Lrrc34
1824,Zcchc18
1825,Icam5
1826,Dlx2
1827,BC048502
1828,Gnat2
1829,Slco1b2
1830,Fbp2
1831,X1600029D21Rik
1832,Lcp1
1833,Ubash3b
1834,Tie1
1835,Mtfp1
1836,S1pr5
1837,Nog
1838,Sult4a1
1839,Ache
1840,Sla
1841,Plcxd3
1842,Rps4y2
1843,Gcm2
1844,Krt79
1845,Scnn1b
1846,Tro
1847,Rpl19
1848,Ctxn1
1849,Rel
1850,Oca2
1851,Eno4
1852,Kank1
1853,Zfp385b
1854,Ppp3ca
1855,St6galnac2
1856,Cmtm5
1857,Dusp14
1858,Cd248
1859,X1700001L19Rik
1860,Eln
1861,X5033404E19Rik
1862,Igsf1
1863,Igf1r
1864,Got1l1
1865,Cdh3
1866,Tmem184a
1867,Trim40
1868,Hist1h3i
1869,Itgb6
1870,Angpt2
1871,Arl5c
1872,Pclo
1873,Rpl12
1874,Grin2b
1875,Epha5
1876,Phyhipl
1877,Ldb2
1878,Osgin1
1879,Slc22a6
1880,Aldh1l1
1881,Cmbl
1882,Ttc21a
1883,X4930447C04Rik
1884,Tpm4
1885,Grn
1886,P2ry13
1887,Cdh13
1888,Pcdh8
1889,Wdr69
1890,Wdr60
1891,Fam176b
1892,Foxc1
1893,Trpm3
1894,Sowaha
1895,Cacnb3
1896,C77370
1897,Sema3g
1898,Lsp1
1899,Faim3
1900,Timd4
1901,Gpha2
1902,Treml1
1903,Lhx3
1904,Krt73
1905,Baiap3
1906,Amac1
1907,Apbb1ip
1908,Enpp2
1909,Ctsz
1910,Emx1
1911,Serp2
1912,Nrp1
1913,Ube2t
1914,Dmrta2
1915,Mdk
1916,Rpl27
1917,Cadm2
1918,Nucb2
1919,Ppfia2
1920,Slc25a18
1921,Tmie
1922,Zfhx4
1923,Arx
1924,Lrrc6
1925,X6030429G01Rik
1926,Slc39a4
1927,Ccdc155
1928,Cxcr3
1929,Hepacam2
1930,Irg1
1931,Crygs
1932,Il22
1933,Tekt3
1934,Rcn3
1935,Ppp1r9a
1936,Hrc
1937,Caln1
1938,Sema5a
1939,Plcb1
1940,Lhx2
1941,Slc5a10
1942,Bambi
1943,Serpine2
1944,Plin4
1945,Chst1
1946,Tekt4
1947,Ddx43
1948,Bpifa5
1949,Dlx1as
1950,Ebf2
1951,Expi
1952,Trim30a
1953,Qdpr
1954,Htr2c
1955,Il1r1
1956,Uncx
1957,Ntf3
1958,Meg3
1959,Rtn1
1960,Tsc22d3
1961,Dnm1
1962,Amigo2
1963,Crybb1
1964,Stxbp5l
1965,Pgrmc1
1966,Troap
1967,Gbp8
1968,Popdc3
1969,Rhbg
1970,Slc6a12
1971,Ryr3
1972,Ccdc41
1973,Dync1i1
1974,Fam181a
1975,Tst
1976,Hhex
1977,Palld
1978,Nkg7
1979,Cebpa
1980,X9930013L23Rik
1981,X3830403N18Rik
1982,Casc1
1983,Ankrd26
1984,Grik1
1985,Nid1
1986,Ttll3
1987,Chn1
1988,Prkcb
1989,Matk
1990,X6330503K22Rik
1991,Zic2
1992,Ptgis
1993,X1700013F07Rik
1994,Six3os1
1995,C4b
1996,Serpinh1
1997,X1700021F07Rik
1998,X2610016A17Rik
1999,X4930544O15Rik
2000,X9230102O04Rik
2001,Ceacam15
2002,Gm11351
2003,S100z
2004,Sell
2005,Them5
2006,Arhgdib
2007,Slitrk6
2008,Gabra3
2009,A830010M20Rik
2010,Rps13
2011,Dmp1
2012,Ccdc99
2013,Ifrd1
2014,Lrrc17
2015,Gpr37
2016,Pcsk5
2017,Sfn
2018,B230323A14Rik
2019,Mum1l1
2020,Tm4sf4
2021,Tmem8c
2022,Gas6
2023,Adm
2024,Psmb8
2025,Angptl4
2026,Rasgrf1
2027,Rbp2
2028,Prkce
2029,Lcat
2030,Fosb
2031,Cd37
2032,AK129341
2033,Lhfpl5
2034,Fosl2
2035,BC060267
2036,Dsg2
2037,X1500012F01Rik
2038,Dusp6
2039,Lgi4
2040,Trp63
2041,Flna
2042,Ccdc96
2043,Clec4a1
2044,E030019B13Rik
2045,Usp29
2046,Hspb2
2047,Ccdc136
2048,Trhr
2049,Cdkl2
2050,Hist1h2bc
2051,Elovl1
2052,Prdm8
2053,Ptprd
2054,Csf1
2055,Gng12
2056,Crispld1
2057,Kcnab1
2058,Adamts20
2059,Cd2ap
2060,Rasip1
2061,Gpr22
2062,Rps17
2063,Actg1
2064,Stk33
2065,Tspan18
2066,Itgb5
2067,Atp2b4
2068,Tec
2069,Fam122b
2070,Uox
2071,Snx22
2072,Cmtm8
2073,Cd44
2074,Dusp1
2075,Ptpn6
2076,Fam111a
2077,AI662270
2078,Spic
2079,Fam19a1
2080,X2810468N07Rik
2081,Sp100
2082,Synm
2083,Kif6
2084,X2700090O03Rik
2085,Krt19
2086,Mgat4c
2087,Sox5
2088,Lgals9
2089,Atp2a2
2090,Cks1b
2091,Gsx1
2092,Zfhx3
2093,Txndc6
2094,Oprk1
2095,Srrm4
2096,Tbx1
2097,Gm13629
2098,H2afx
2099,Postn
2100,N4bp2l1
2101,Slc14a1
2102,Avpr1a
2103,Runx1
2104,Tril
2105,Wdr78
2106,Cdkn3
2107,Nap1l5
2108,A130077B15Rik
2109,Capn8
2110,D830046C22Rik
2111,Pdcd1
2112,Rgs13
2113,Cabp2
2114,X1700007J10Rik
2115,X4930401O12Rik
2116,Gm3646
2117,Kcng3
2118,Ovol2
2119,Prr15l
2120,Wfdc10
2121,Wls
2122,Rasgef1a
2123,Ptgfr
2124,Nkx6.2
2125,Pde1c
2126,Cbfa2t3
2127,Pls1
2128,Pirt
2129,Eps8l2
2130,Sostdc1
2131,Emb
2132,Scn2a1
2133,Csrp3
2134,Osr2
2135,Gm4975
2136,Mcm10
2137,Flt3l
2138,Ngfrap1
2139,Camk2b
2140,Lmnb1
2141,Myl10
2142,Mgll
2143,Cdh4
2144,Ptprc
2145,Tceal5
2146,Ncoa7
2147,Atp10a
2148,Cdc42ep2
2149,A930009A15Rik
2150,Gria3
2151,Tmx4
2152,Lmo1
2153,Wnt8b
2154,Skor1
2155,Hrh3
2156,Cpn1
2157,Pcdh15
2158,Il7r
2159,Aurka
2160,Runx1t1
2161,Odz3
2162,Pnmal2
2163,Tfcp2l1
2164,Aldh3b2
2165,Nap1l2
2166,Myo1b
2167,Dynll2
2168,Rnd1
2169,Cd86
2170,Otof
2171,Atad2
2172,Slc12a2
2173,Gm1673
2174,Fzd2
2175,Ets1
2176,Hydin
2177,Parvb
2178,Peg3
2179,Vamp5
2180,Plac8
2181,Kdr
2182,Rapgef4
2183,Pllp
2184,Clstn3
2185,Prr5l
2186,Ecscr
2187,Rab27b
2188,Camk2d
2189,Pdlim4
2190,Ptchd1
2191,Lin7b
2192,Fgf13
2193,Tcerg1l
2194,Gimap5
2195,Fam150b
2196,X1700016C15Rik
2197,Ccdc40
2198,LOC545261
2199,Prickle1
2200,Zfp820
2201,Pitpnc1
2202,Mgl2
2203,Odz4
2204,Klf6
2205,Plin5
2206,Zar1
2207,Prdm1
2208,Eml1
2209,Ccdc80
2210,Ccdc162
2211,Clec1b
2212,Gucy1a3
2213,Itgb7
2214,Egflam
2215,Thsd7a
2216,Thbs4
2217,Etv1
2218,Fcgr4
2219,Dach2
2220,Tslp
2221,Elk3
2222,Prkcq
2223,X1810041L15Rik
2224,Tgif1
2225,Cyp2s1
2226,X1600015I10Rik
2227,X1700028I16Rik
2228,X1700036G14Rik
2229,X2410124H12Rik
2230,X4930404I05Rik
2231,X4930502E09Rik
2232,X4930558J18Rik
2233,X4933417E11Rik
2234,X4933426D04Rik
2235,Actl7b
2236,Ampd1
2237,Ankrd7
2238,B430306N03Rik
2239,B4galnt3
2240,Ccdc83
2241,Clec9a
2242,Cpsf4l
2243,Elovl3
2244,Erv3
2245,G630090E17Rik
2246,Gm11190
2247,Gm14092
2248,Gm15987
2249,Gm2848
2250,Gm6880
2251,Hoxc8
2252,Hsf3
2253,Ifnk
2254,Klhl30
2255,Klrb1c
2256,Kmo
2257,Lrrc8e
2258,Mir3068
2259,Mmrn1
2260,Ntf5
2261,Olfr1393
2262,Opn5
2263,Osta
2264,Pla2g2f
2265,Ppp1r27
2266,Prss22
2267,Siglecg
2268,Slc28a1
2269,Slc38a8
2270,Slc5a4a
2271,Snord111
2272,Speer2
2273,Tmprss4
2274,Utf1
2275,Ina
2276,Pla1a
2277,Slc11a1
2278,Shc4
2279,Gimap1
2280,Fank1
2281,Kcng4
2282,Nr0b1
2283,Tmco5
2284,Six1
2285,Cox8b
2286,Cadps2
2287,Iqgap2
2288,Mtap9
2289,Frem3
2290,Ccdc148
2291,Ccdc164
2292,Arsj
2293,Fmo1
2294,Gpr20
2295,Ptk2b
2296,Hmha1
2297,Lfng
2298,Ifi202b
2299,Fam70a
2300,Nkx2.1
2301,Fut9
2302,Mcam
2303,Gm5124
2304,Dnahc9
2305,Hells
2306,Prrx1
2307,X1500009L16Rik
2308,Fau
2309,Acta1
2310,Notum
2311,Dlc1
2312,LOC433944
2313,Bdh2
2314,Myl12a
2315,Fabp3
2316,Ptpn5
2317,Slc19a1
2318,Cntln
2319,Tnc
2320,Slit2
2321,Pde5a
2322,Lig1
2323,Disp2
2324,X4932438H23Rik
2325,Neurl3
2326,Trib1
2327,Kcnd2
2328,Iqck
2329,Spock3
2330,X1700013G23Rik
2331,Kcne1l
2332,Ddr1
2333,Il6ra
2334,Arrdc2
2335,Aard
2336,Gprasp1
2337,Abi3
2338,Cacng3
2339,Cenpq
2340,Atp8b4
2341,Lif
2342,Nxnl1
2343,Slc1a5
2344,Gucy1b3
2345,Ncald
2346,Gm5083
2347,X1700025E21Rik
2348,Tnfrsf18
2349,X1700042O10Rik
2350,E330013P04Rik
2351,Grm8
2352,Atp2a3
2353,Actc1
2354,Hspa12a
2355,Gpr81
2356,Cntnap4
2357,St8sia3
2358,Lynx1
2359,Gpr64
2360,Hsd11b1
2361,Gm5918
2362,Slc10a6
2363,BC005764
2364,Cysltr1
2365,Lima1
2366,Mro
2367,Ppp1r3c
2368,Kif22
2369,Zmat4
2370,Esrrg
2371,Wdr65
2372,Caprin2
2373,Ptprg
2374,Morn3
2375,Gm5478
2376,Kdm6b
2377,Kcnj9
2378,X2010002N04Rik
2379,B3galt2
2380,Mc3r
2381,A430084P05Rik
2382,Gltpd2
2383,Gm6792
2384,Pnmt
2385,Spaca1
2386,Itga1
2387,Olig2
2388,Spats2l
2389,Nin
2390,Flywch2
2391,Palm3
2392,Acot5
2393,Mtap7d2
2394,Hmcn1
2395,Il34
2396,Hpcal4
2397,Thbs3
2398,Amn
2399,Rbms1
2400,Sv2b
2401,Dlx5
2402,Lrit2
2403,Myb
2404,Gpx8
2405,Ryr2
2406,T2
2407,Dnahc11
2408,Neil3
2409,Cenpm
2410,Rora
2411,Entpd1
2412,Tmod1
2413,Map3k8
2414,Spata17
2415,Slc16a1
2416,Hspa12b
2417,Nap1l3
2418,Susd5
2419,Pnmal1
2420,X1700037H04Rik
2421,Lypd6
2422,Col19a1
2423,Chrm2
2424,Josd2
2425,Kctd13
2426,Ptpre
2427,Vat1
2428,Ywhag
2429,Fibcd1
2430,Ccdc68
2431,Tpd52l1
2432,Errfi1
2433,Ush1c
2434,Tmem52
2435,Pde2a
2436,Cit
2437,Pde3b
2438,Tmem22
2439,A2m
2440,X4732415M23Rik
2441,Snap47
2442,B230378P21Rik
2443,Casz1
2444,Rassf9
2445,Tcea3
2446,Emx2os
2447,Tubb5
2448,Ttc18
2449,Slc43a3
2450,Stxbp1
2451,Gbp4
2452,Gsta4
2453,Pappa
2454,Zwint
2455,Tchh
2456,Cenpj
2457,Prmt8
2458,Apoa4
2459,Bmp8a
2460,Hbb.bh1
2461,Hoxb4
2462,Nlrp1b
2463,Slc16a8
2464,Tmem174
2465,Sytl5
2466,Flrt2
2467,Stab2
2468,Cd302
2469,Scg5
2470,Gm17384
2471,Sox7
2472,Sept11
2473,Trpc6
2474,Tceal6
2475,Wnt5a
2476,Pou3f2
2477,Terf2ip
2478,Pfkfb3
2479,Gm5820
2480,Rgs9
2481,Itgb4
2482,Syt13
2483,Robo4
2484,Ttc3
2485,Ntm
2486,Olfm3
2487,Lmo3
2488,Wdr6
2489,Gdnf
2490,Ttk
2491,Satb2
2492,Alox5ap
2493,Lrat
2494,Rgs12
2495,Tubb6
2496,Bmpr1b
2497,Orm3
2498,X4632434I11Rik
2499,Kif5a
2500,Chaf1a
2501,Pppde2
2502,Fnbp1l
2503,Ppl
2504,Ppp1r15a
2505,Dpp10
2506,Ttc12
2507,Atp6v1c2
2508,Iqgap1
2509,Amotl1
2510,Flrt3
2511,Gm12250
2512,Tnfrsf12a
2513,H2.T23
2514,Cetn2
2515,Usp2
2516,St18
2517,Mdn1
2518,Mdh1b
2519,Ghr
2520,Has1
2521,Lst1
2522,Htr3a
2523,Col4a1
2524,Arsg
2525,Rpl36a
2526,Esr1
2527,X2700049A03Rik
2528,Csgalnact1
2529,Nr2e1
2530,Tmem179
2531,Kntc1
2532,Slc39a10
2533,Myl2
2534,Kif11
2535,S100a1
2536,Pim1
2537,Evi2a
2538,Lrrc33
2539,Fam176a
2540,Havcr2
2541,Zc3h12a
2542,Gpcpd1
2543,Enox2
2544,Snx10
2545,Baiap2
2546,Ap1s2
2547,Ppfibp1
2548,X2310046K01Rik
2549,Cacng5
2550,Slc43a1
2551,Tspan32
2552,Slc22a12
2553,Ism1
2554,Lmcd1
2555,Bdkrb1
2556,X6430704M03Rik
2557,Pmp22
2558,Rpl31
2559,Coro2a
2560,X3930402G23Rik
2561,Map3k15
2562,Hs3st2
2563,A830018L16Rik
2564,Marcks
2565,Klhl1
2566,Styxl1
2567,X2900006K08Rik
2568,Slc22a2
2569,X4933417D19Rik
2570,Col14a1
2571,Akap17b
2572,Clic4
2573,D3Bwg0562e
2574,Slc12a5
2575,Galnt6
2576,Sgtb
2577,Nr2f1
2578,Podxl2
2579,Niacr1
2580,Dnajc21
2581,Ehd4
2582,Dos
2583,Zfp804b
2584,I830012O16Rik
2585,Dnajb13
2586,Sgol1
2587,Irx2
2588,Rpl36
2589,Rasl12
2590,Csf2
2591,Tmem173
2592,Gbp6
2593,Lhfpl1
2594,B230319C09Rik
2595,Csrp1
2596,Slc30a1
2597,Tprn
2598,Gabbr2
2599,Mmd2
2600,Msn
2601,Spock2
2602,Cyth4
2603,B230209E15Rik
2604,Polk
2605,X1700003M02Rik
2606,Rab26
2607,Lrrc50
2608,Gm5617
2609,Sp8
2610,Chrna10
2611,Clec4d
2612,Fgf8
2613,Fam23a
2614,Lrr1
2615,Otp
2616,Tle4
2617,X4430402I18Rik
2618,Lpar4
2619,Proca1
2620,Prmt2
2621,Irx3
2622,Gsdma2
2623,Wnt9b
2624,Plekhg1
2625,Galr1
2626,Lmo7
2627,Ascl1
2628,Ceacam1
2629,Procr
2630,Rpl6
2631,Irx5
2632,She
2633,Tpi1
2634,Mtap7d3
2635,Arhgef9
2636,Ribc2
2637,Gfra2
2638,Dpp6
2639,Nrp2
2640,Camk2n2
2641,Xlr3a
2642,Pgf
2643,Slk
2644,Bank1
2645,Fstl1
2646,Atp1b2
2647,Hspb6
2648,Slc7a1
2649,Iqcd
2650,Rpl39l
2651,Hamp2
2652,Serinc3
2653,Lman1
2654,Eef1a2
2655,Ucma
2656,Sycp3
2657,Ccdc65
2658,Scn8a
2659,Wfs1
2660,Efhd1
2661,Aspg
2662,X4833427G06Rik
2663,Arid5a
2664,Pdlim1
2665,Cyp1b1
2666,Adssl1
2667,Gcnt2
2668,Morf4l1
2669,Clec5a
2670,Klf10
2671,Clgn
2672,Ctsl
2673,Tssk6
2674,Cthrc1
2675,Kcnj16
2676,Celsr1
2677,Ctla2b
2678,Cd209g
2679,Slc35f1
2680,Ptn
2681,Adcy1
2682,Bst2
2683,Gtsf1l
2684,Sh3bp4
2685,Tlr13
2686,Myoz2
2687,Kit
2688,Tiam2
2689,Naaa
2690,Rdh5
2691,Pdxp
2692,Cyp46a1
2693,Wdr93
2694,Gstm6
2695,Fam184b
2696,March1
2697,Stom
2698,Tshr
2699,Rhog
2700,Sept8
2701,Abca4
2702,Brip1
2703,Crip2
2704,Mecom
2705,Plagl1
2706,Hmox1
2707,Atpif1
2708,Cyp2j6
2709,Crim1
2710,Psmb9
2711,Cd209d
2712,Gbp1
2713,Otop3
2714,Prnd
2715,Gimap9
2716,Pcdh18
2717,Rnf125
2718,Tnni1
2719,Prex2
2720,X2400009B08Rik
2721,Pcdh19
2722,Galnt14
2723,Hsph1
2724,Kcnb1
2725,Pth1r
2726,Arl4a
2727,Tbc1d4
2728,Tmem45a
2729,Arhgap20
2730,Stk32a
2731,Ncf2
2732,F630043A04Rik
2733,Lilra5
2734,Prrg4
2735,Kank2
2736,Serpind1
2737,Ubxn10
2738,Lrrtm2
2739,Gpr123
2740,Homer2
2741,Ifi204
2742,Tcap
2743,Sox2
2744,Lgmn
2745,Tex9
2746,Gng11
2747,Il1rapl2
2748,Pgr
2749,Trio
2750,Rpsa
2751,Smad6
2752,X1700057H15Rik
2753,X7630403G23Rik
2754,A730085A09Rik
2755,Apol9b
2756,Btn2a2
2757,Ccdc154
2758,D030025P21Rik
2759,Fabp12
2760,Gfral
2761,Gm10007
2762,Gm10635
2763,Gm10804
2764,Gm13178
2765,Gm3776
2766,Gm5095
2767,Gm597
2768,Gnrhr
2769,Gpihbp1
2770,Hoxa1
2771,Igfbp1
2772,Klk1b27
2773,Klri2
2774,LOC171588
2775,Mas1
2776,Nppb
2777,Olfr658
2778,Patl2
2779,Rab17
2780,Rhox8
2781,Runx3
2782,Sh2d2a
2783,Tmem95
2784,Trim63
2785,Vav2
2786,Cx3cl1
2787,Negr1
2788,Slc16a6
2789,Wnt4
2790,Gpatch4
2791,Traf1
2792,Myh10
2793,Itpr2
2794,D0H4S114
2795,Sytl2
2796,B230120H23Rik
2797,Traf4
2798,Syt9
2799,X4930474N09Rik
2800,Bmp8b
2801,Cyp2r1
2802,Mybpc2
2803,Cml2
2804,F830016B08Rik
2805,Hmga2
2806,Ovol1
2807,Serpinb10.ps
2808,Smarca1
2809,Tusc3
2810,Scnn1a
2811,Hhatl
2812,Tmem154
2813,Scn2b
2814,Iqub
2815,Ift74
2816,Stxbp6
2817,Gnas
2818,Afap1l1
2819,Slc38a3
2820,Atp5g1
2821,Gcnt1
2822,Bok
2823,Oxtr
2824,Mndal
2825,Tubb2b
2826,Swap70
2827,Gpd1
2828,Tcf15
2829,Krt12
2830,Padi4
2831,Erg
2832,Skil
2833,Ms4a6d
2834,Ccdc66
2835,Col4a3
2836,Glrp1
2837,Tbr1
2838,Atad5
2839,Tbxa2r
2840,Hprt
2841,Kcnab3
2842,Cadm3
2843,X2810474O19Rik
2844,X2610017I09Rik
2845,Parm1
2846,Rad51ap2
2847,Ankrd34b
2848,Mosc1
2849,Chd5
2850,Rasgrp2
2851,Nme1
2852,Gabrg1
2853,Klhl13
2854,Rac3
2855,Matn2
2856,Klf5
2857,Ankrd32
2858,Rgs20
2859,Fam5b
2860,Hirip3
2861,X0610005C13Rik
2862,A730037C10Rik
2863,Oaz3
2864,Gm14005
2865,Crb2
2866,Uhrf1
2867,Icam4
2868,Rnase6
2869,Crmp1
2870,Hmgb3
2871,Lrrc10b
2872,Dgat2
2873,Cd109
2874,Ulk4
2875,Myh9
2876,Trp53inp1
2877,Gnb4
2878,Cdk5r1
2879,A730046J19Rik
2880,Nlrp6
2881,Myh2
2882,A730018C14Rik
2883,Cpxm1
2884,Il17ra
2885,H1f0
2886,Dcdc2a
2887,Slc38a1
2888,Bhlhe40
2889,Syngr1
2890,Cd300lf
2891,Kif14
2892,Xlr4b
2893,Gm14873
2894,Ak8
2895,Trpc7
2896,X1110032A04Rik
2897,Myh8
2898,Rogdi
2899,Cox6b2
2900,Sh2d5
2901,Pacsin1
2902,Pus7
2903,Wnt9a
2904,Csrnp3
2905,Ntsr1
2906,Ppapdc1a
2907,Ifih1
2908,Ttc16
2909,Caps2
2910,Arsb
2911,Luzp2
2912,Armcx5
2913,Sema3e
2914,Scn3a
2915,Rpl7a
2916,Fxyd2
2917,Efcab2
2918,Fam179a
2919,Dcaf12l1
2920,Cadps
2921,Vegfa
2922,Nfib
2923,Gpx1
2924,Olfr78
2925,Ttn
2926,Pla2g5
2927,Fam38b
2928,Efhc1
2929,Thrb
2930,X1700003F12Rik
2931,Nol4
2932,X4933407C03Rik
2933,Klhdc8b
2934,Tlcd1
2935,Lcorl
2936,Pacrg
2937,Fam107b
2938,Clrn1
2939,Rtdr1
2940,Ptx4
2941,Nos1ap
2942,Krt25
2943,Fkbp3
2944,Spata24
2945,Lat2
2946,Neurod6
2947,X4932412H11Rik
2948,Cxadr
2949,Sh3gl2
2950,Oxr1
2951,Tnr
2952,Kndc1
2953,Ccdc24
2954,Onecut1
2955,Col6a2
2956,Ttc29
2957,Ucp2
2958,X1110028F11Rik
2959,Pdpn
2960,Hist1h4i
2961,Kifc1
2962,Gm16119
2963,Hcls1
2964,Hkdc1
2965,Sphk1
2966,Sft2d2
2967,B3gnt2
2968,Pou6f2
2969,Nxph1
2970,Car12
2971,Ttyh2
2972,Nptx1
2973,Amica1
2974,Nat8l
2975,Prkg1
2976,X4922501C03Rik
2977,Mex3a
2978,Gltp
2979,Cyp2j12
2980,X9530051G07Rik
2981,Traf3ip1
2982,Olfml1
2983,Hook1
2984,Cacna2d3
2985,Xdh
2986,Tppp3
2987,Cdk5rap2
2988,Fhl2
2989,Epha7
2990,Tlr7
2991,Cd82
2992,Rpl28
2993,Tmem90b
2994,Sycp2
2995,Atp13a4
2996,Robo2
2997,Sept6
2998,Srek1ip1
2999,Clic3
3000,Mpzl2
3001,Ccdc112
3002,Tpbg
3003,Acaa2
3004,Sox6
3005,E330016A19Rik
3006,X4930534B04Rik
3007,Sox2ot
3008,Cyb5r3
3009,Scd3
3010,Gdap1
3011,A430071A18Rik
3012,Prdm12
3013,Gm19510
3014,Psrc1
3015,Fzd6
3016,Ocln
3017,Tspan13
3018,F11r
3019,Gab3
3020,Alox5
3021,Cd97
3022,Pcolce2
3023,Txndc3
3024,Pou3f4
3025,Abi3bp
3026,Ccdc109b
3027,Mpp6
3028,Plcd4
3029,A430035B10Rik
3030,Kcnc3
3031,Gm12070
3032,Ephx1
3033,Bdp1
3034,Mctp1
3035,Lrrc3b
3036,Clca1
3037,Camk4
3038,Alg2
3039,Zfp612
3040,Otud1
3041,Dmd
3042,Gm11992
3043,Ccdc46
3044,Nrxn1
3045,Rad51ap1
3046,Ppp1r42
3047,Kctd12b
3048,Cyp4f15
3049,Lpar6
3050,Gpr150
3051,Sh3gl3
3052,Tsga10
3053,Tnnt3
3054,Lrp2
3055,Hck
3056,Ptprz1
3057,Tmem88
3058,Dmgdh
3059,Gm606
3060,Phactr2
3061,Hs3st3b1
3062,Fzd5
3063,Rem2
3064,Vit
3065,Ccdc74a
3066,Pcdhb9
3067,Grin1
3068,St3gal6
3069,Rangap1
3070,Slc16a12
3071,Abca9
3072,Syne2
3073,Spag8
3074,Sorcs3
3075,Sertad1
3076,Socs2
3077,Srrm3
3078,Vstm2l
3079,Mak
3080,Sfxn5
3081,Rd3
3082,Trpc5
3083,H2.K2
3084,Cav2
3085,Klk8
3086,Myo10
3087,Plxna2
3088,D930014E17Rik
3089,Magel2
3090,Scara3
3091,Srl
3092,Fam105a
3093,Jph1
3094,Mpp7
3095,Pcnt
3096,Crabp2
3097,Csf2rb
3098,Adcy2
3099,Csf3r
3100,C1ra
3101,Nek1
3102,Tuba1b
3103,Atp6v1b2
3104,Pdzk1ip1
3105,Peg12
3106,Sds
3107,X3110039M20Rik
3108,Stap2
3109,Tmtc4
3110,Habp4
3111,Cdkn2a
3112,X1700034P13Rik
3113,Atp1a4
3114,Ctsw
3115,Foxb2
3116,Icos
3117,Pfn3
3118,Pnpla3
3119,Paqr6
3120,Fbxo2
3121,Cntn1
3122,Odz1
3123,Inhbb
3124,Pnma3
3125,Gzma
3126,Efha2
3127,X1700109G14Rik
3128,X5031425F14Rik
3129,Cnr2
3130,Duox1
3131,F2rl3
3132,Gpr114
3133,Gxylt2
3134,Kif18b
3135,Nipal1
3136,Trim30b
3137,Txk
3138,B430010I23Rik
3139,Pcdh7
3140,Clmn
3141,Trim37
3142,Cd1d1
3143,Wbscr17
3144,Reps2
3145,Gm9895
3146,Fam155a
3147,X1700125H20Rik
3148,Fam55b
3149,Gpa33
3150,Pla2g4c
3151,Spo11
3152,Vmn2r89
3153,Actl6b
3154,Akap13
3155,Pafah1b3
3156,Cep70
3157,Zfp474
3158,A330048O09Rik
3159,Cib2
3160,Sez6
3161,Sat1
3162,Slc35f4
3163,Blcap
3164,Islr2
3165,Jag1
3166,Trpc4
3167,Chd3
3168,X9030425E11Rik
3169,Arhgef26
3170,L1cam
3171,Plscr2
3172,Rps16
3173,Ppic
3174,Acsl6
3175,Gbp5
3176,Efcab1
3177,Stmn1
3178,Layn
3179,A930011O12Rik
3180,Ajap1
3181,Epb4.1l4a
3182,Bin1
3183,Rapgef6
3184,Rasgrp3
3185,Sh3d19
3186,Bcl2a1d
3187,X4930515G01Rik
3188,A830082N09Rik
3189,Gipr
3190,Gm1110
3191,Gm3414
3192,Cacng2
3193,Slc16a4
3194,Pou2f2
3195,Fam70b
3196,Trim59
3197,Mcl1
3198,Elovl6
3199,X0610007N19Rik
3200,Copz2
3201,Cnksr2
3202,Eea1
3203,Csrnp1
3204,Igsf6
3205,Npl
3206,Rpl10a
3207,Tnfrsf19
3208,Hs3st1
3209,Ypel2
3210,Ifi30
3211,Mogat1
3212,Ddit4
3213,Stac2
3214,Naalad2
3215,Gmfg
3216,B9d1
3217,Gpr179
3218,Gas2l3
3219,Dclk3
3220,Enpp1
3221,Rnf152
3222,Phyhip
3223,Myof
3224,X1110034A24Rik
3225,Ninj1
3226,Ifi203
3227,Arap2
3228,Lpp
3229,Dcaf17
3230,Vamp8
3231,Spock1
3232,Tspyl4
3233,X1700066B19Rik
3234,Foxc2
3235,Gchfr
3236,Nasp
3237,Serpinb6b
3238,Aim2
3239,Shcbp1
3240,Myo1g
3241,Prima1
3242,Entpd2
3243,Efcab4a
3244,Hapln4
3245,Rdh10
3246,Nrm
3247,Sorbs2
3248,Rab13
3249,Pde10a
3250,Asns
3251,P2ry1
3252,Oaf
3253,Pnma2
3254,Notch3
3255,Kif26a
3256,Ofd1
3257,A630007B06Rik
3258,X6530418L21Rik
3259,Trim15
3260,Omd
3261,Entpd6
3262,Plxna4
3263,Ccr5
3264,Col18a1
3265,Col2a1
3266,Ipo11
3267,Sema3d
3268,Galntl4
3269,Rtp4
3270,Tfpi
3271,AI854517
3272,Fgf12
3273,X1810019D21Rik
3274,X4930447K03Rik
3275,X5830428M24Rik
3276,X9530026F06Rik
3277,Akap3
3278,BB557941
3279,Cdrt4
3280,Ckm
3281,Clec4b1
3282,D030045P18Rik
3283,Dhrs9
3284,Dnmt3l
3285,Dusp13
3286,E030025P04Rik
3287,Glyat
3288,Gm13710
3289,Gpr52
3290,Kcna7
3291,Mesp1
3292,Nkx3.1
3293,Serpinf2
3294,Slc28a2
3295,Syngr4
3296,Tc2n
3297,Tnip3
3298,Trim43a
3299,Trpa1
3300,Aym1
3301,BC048644
3302,BC049635
3303,Gm10789
3304,Gstt4
3305,Ifitm5
3306,Klhl31
3307,Nr1i2
3308,Psmb11
3309,Slc5a9
3310,Spna1
3311,Tmc1
3312,Tmem72
3313,Usp44
3314,Ddx10
3315,Gng4
3316,Myo5a
3317,LOC622552
3318,Efhd2
3319,Dync2h1
3320,Arid5b
3321,Fam84a
3322,Slco2b1
3323,Rap2b
3324,Inpp5d
3325,Zfp711
3326,Dscc1
3327,Wfdc12
3328,Col24a1
3329,Espn
3330,Pdzrn3
3331,Aqp11
3332,Srxn1
3333,Gm106
3334,Polr3e
3335,Nov
3336,Tcp11
3337,Fert2
3338,Camta1
3339,Gria2
3340,Icosl
3341,Npas3
3342,Nipsnap1
3343,Scd1
3344,Celf2
3345,Kcnj10
3346,Mmp16
3347,Dmrtb1
3348,Etv4
3349,Crhr2
3350,Hn1
3351,Fli1
3352,Utp14b
3353,Cdc14a
3354,X1700022P22Rik
3355,Ppp3r2
3356,Lilrb3
3357,X2700099C18Rik
3358,Adamts14
3359,Akr1b7
3360,Car1
3361,Pkp3
3362,Speer4d
3363,Col6a4
3364,Capg
3365,Ak5
3366,Thsd4
3367,Clec14a
3368,Usmg5
3369,Strbp
3370,Sbno2
3371,Fam92b
3372,Slc13a3
3373,Qk
3374,Osr1
3375,Il17re
3376,Mia2
3377,Siglec1
3378,Lrguk
3379,Rgs8
3380,Kcnab2
3381,Sh2d4b
3382,AA467197
3383,Pdgfb
3384,X1600029O15Rik
3385,Kl
3386,Fbxl13
3387,Glul
3388,Rsph9
3389,Cacnb4
3390,Pcdhb7
3391,Dbc1
3392,Esyt2
3393,Gpr4
3394,BC006965
3395,AI848285
3396,Ggt5
3397,Psd3
3398,Gm6537
3399,Camk1d
3400,Magi3
3401,Loxl2
3402,Tmc5
3403,Gpc4
3404,Enc1
3405,Adamts5
3406,Neto2
3407,Maged1
3408,Golgb1
3409,Il2rg
3410,C030030A07Rik
3411,C530028O21Rik
3412,C1qtnf4
3413,Tubb4b
3414,Rnf144b
3415,Nrip2
3416,AY074887
3417,Gm16551
3418,Gimap4
3419,Pou3f1
3420,Cebpb
3421,Ing2
3422,Fhit
3423,Traf3ip3
3424,Tmem71
3425,Slc9a3r1
3426,A330021E22Rik
3427,Lpcat2
3428,St6galnac5
3429,Kif27
3430,Slc20a1
3431,Pnpo
3432,Gdf5
3433,Alx3
3434,Klhl6
3435,X4930452G13Rik
3436,Rtkn2
3437,Marcksl1
3438,X4632415L05Rik
3439,Pdlim7
3440,Secisbp2l
3441,Cd200
3442,Sass6
3443,Celf5
3444,Gpr12
3445,X2210013O21Rik
3446,Diap2
3447,Trnp1
3448,Gm1661
3449,Dll1
3450,Fam13c
3451,Fam47e
3452,X1600014C23Rik
3453,Adam21
3454,C7
3455,Gpr55
3456,Mpz
3457,Stat4
3458,Stil
3459,Igsf21
3460,Syn1
3461,Irf7
3462,Snap91
3463,Zdhhc9
3464,Ttc9b
3465,B230216N24Rik
3466,Kcnj14
3467,Rad21l
3468,Ryr1
3469,Esyt1
3470,Mpped2
3471,Fermt3
3472,Bcl2
3473,X1300014I06Rik
3474,March10
3475,Rpl5
3476,Hecw1
3477,N4bp2
3478,Xaf1
3479,B930025P03Rik
3480,Cpm
3481,X6330439K17Rik
3482,Kcnrg
3483,Sim2
3484,Ensa
3485,Myl4
3486,Dlgap1
3487,X1700001P01Rik
3488,Adprhl1
3489,Foxl2os
3490,Melk
3491,Nps
3492,Ppp3r1
3493,C1qtnf7
3494,Ppa1
3495,Kcnn4
3496,Tdgf1
3497,Ppargc1a
3498,Ttf1
3499,Efnb2
3500,Rab30
3501,Rap1a
3502,Dnm1l
3503,Il10rb
3504,Kcnmb2
3505,Pmepa1
3506,X1700015F17Rik
3507,Mtnr1a
3508,Tm6sf2
3509,Dner
3510,Pde4d
3511,Kbtbd10
3512,Myc
3513,Tnfaip8l2
3514,Lyn
3515,Cmas
3516,Lass2
3517,Nt5dc2
3518,Nmur2
3519,Ndrg1
3520,Mapk10
3521,Tgfbr2
3522,Fam154b
3523,Fblim1
3524,Tmod3
3525,Dnaja4
3526,Elmod1
3527,Wwtr1
3528,Atp6v1d
3529,Ncam2
3530,Gm16998
3531,Tfrc
3532,Ece1
3533,Necap1
3534,Kbtbd11
3535,Clec4a3
3536,Rfx4
3537,Cd48
3538,Acbd7
3539,Rpl22l1
3540,Cyp2j9
3541,Batf
3542,Sema3b
3543,Fign
3544,Dzip3
3545,Plxnb2
3546,Dnajc28
3547,Tnfrsf10b
3548,P2ry6
3549,Ift81
3550,Rasgrf2
3551,D430019H16Rik
3552,Socs1
3553,Mlh3
3554,Pir
3555,AI504432
3556,Btc
3557,Fam161a
3558,Fgfr2
3559,Mapkapk2
3560,Col4a5
3561,Gm11627
3562,Lipg
3563,Rnf112
3564,Itpka
3565,Mtap7
3566,D430041D05Rik
3567,Lama1
3568,A730036I17Rik
3569,Cyp4f41.ps
3570,Dao
3571,Gm16548
3572,Slc27a6
3573,Psmc3ip
3574,Mesdc2
3575,Galnt13
3576,Hspb3
3577,Stk17b
3578,Plekhh1
3579,Ldoc1
3580,Mamdc2
3581,Rgnef
3582,Tdrd5
3583,Diras2
3584,Dcun1d4
3585,Msi2
3586,Sema4d
3587,Acss1
3588,Otud7b
3589,Gpr6
3590,X9530080O11Rik
3591,Cyp27a1
3592,Cdk19
3593,E230019M04Rik
3594,X2010317E24Rik
3595,Auts2
3596,Fgf1
3597,Flywch1
3598,D16H22S680E
3599,Rpgrip1l
3600,Rps7
3601,H2.Oa
3602,Fcgr1
3603,X3632451O06Rik
3604,Ppfibp2
3605,Nhsl2
3606,Cd300ld
3607,Cdh12
3608,Ick
3609,Sptlc3
3610,B230209K01Rik
3611,Ccdc30
3612,Ephx4
3613,Tmem145
3614,E130114P18Rik
3615,Tspan4
3616,Ankrd2
3617,Sgk2
3618,Bbs4
3619,Lhfp
3620,Mybl1
3621,Arf3
3622,Ano6
3623,Lrrc9
3624,Pmfbp1
3625,Mall
3626,Prps1
3627,Miat
3628,Tmem151a
3629,Polr3g
3630,Angptl2
3631,Grem2
3632,BC030476
3633,Rnf219
3634,Ncapg2
3635,Cflar
3636,Dcx
3637,Nfkbie
3638,Cpa2
3639,Ube2ql1
3640,Lhfpl4
3641,Slfn8
3642,BC051142
3643,X1810020O05Rik
3644,Wtip
3645,Zic3
3646,Tet1
3647,Rbm46
3648,Jmy
3649,Smtn
3650,Fgfr1
3651,Chst5
3652,Prepl
3653,Reep1
3654,Cep110
3655,Pycard
3656,Itga5
3657,Dnajc12
3658,Slc6a15
3659,Pard3b
3660,Gal3st1
3661,Cd55
3662,Gm5607
3663,Tsga14
3664,Ripply3
3665,Actn1
3666,Lsamp
3667,Arhgap24
3668,Plk5
3669,Wipf1
3670,Sez6l
3671,Arl4c
3672,Plbd1
3673,Tbata
3674,Dtl
3675,Jakmip1
3676,Nkx6.1
3677,Sp140
3678,Gm5
3679,Mbnl3
3680,Ifi44
3681,Rasd2
3682,Col12a1
3683,Cyfip2
3684,Filip1
3685,Kif21a
3686,Spnb2
3687,Gucy1a2
3688,Gm20172
3689,Wnt16
3690,Tgfbr3
3691,Adamts17
3692,Cdh15
3693,Atp5g3
3694,Pla2g4a
3695,X2010107G23Rik
3696,Pygb
3697,A230070E04Rik
3698,Gstp1
3699,Rpp25
3700,Ptprn2
3701,X6030405A18Rik
3702,Gabrb3
3703,Rpgr
3704,Ccl27a
3705,Prkar2b
3706,Chaf1b
3707,H2.Ob
3708,Irf5
3709,Fam43a
3710,Fam189a2
3711,Fgd5
3712,Ysk4
3713,Lamb1
3714,Tmem98
3715,Uba52
3716,Sept3
3717,Vsig2
3718,Dbx2
3719,Zfp292
3720,X4930419G24Rik
3721,X4930479D17Rik
3722,AU019990
3723,Zar1l
3724,X1700020D05Rik
3725,X4933424G05Rik
3726,Batf2
3727,Clcnkb
3728,Mx1
3729,Pif1
3730,Sbpl
3731,Syce1l
3732,Asxl3
3733,Dach1
3734,Dhcr24
3735,Htra1
3736,Bnip2
3737,Grpr
3738,Itgax
3739,Pou2af1
3740,Tmem217
3741,Epb4.9
3742,Atl1
3743,Fbxo36
3744,Mfrp
3745,X4921525O09Rik
3746,Acsm5
3747,B430212C06Rik
3748,E230016K23Rik
3749,Gm15179
3750,Itih4
3751,Kcne3
3752,Mir341
3753,Mmp12
3754,Mylk4
3755,Nlrp10
3756,Pappa2
3757,Rho
3758,Tspo2
3759,X1700065D16Rik
3760,A530088E08Rik
3761,C330013F16Rik
3762,Dcdc2c
3763,Ereg
3764,Gjb5
3765,Gm595
3766,Krt2
3767,Olfr332
3768,Rsph6a
3769,Sost
3770,Lingo1
3771,Fgd2
3772,Lca5
3773,Tmem150c
3774,Slc6a7
3775,Trip11
3776,Nat14
3777,X2310015B20Rik
3778,Wrn
3779,Adam23
3780,Isyna1
3781,Gm4902
3782,Osbpl10
3783,Shbg
3784,Ninj2
3785,Pbx3
3786,Cep250
3787,Fam19a2
3788,Ttbk2
3789,Znrd1as
3790,Pfn2
3791,Plcb3
3792,Hmga2.ps1
3793,Parvg
3794,Pigz
3795,Znhit6
3796,Spryd3
3797,Slc16a11
3798,Ndufab1
3799,A430107O13Rik
3800,Erc1
3801,Dbn1
3802,X9130024F11Rik
3803,Kctd4
3804,Ctsk
3805,Pawr
3806,C1s
3807,Cited4
3808,Slc35f3
3809,Dusp10
3810,Nrarp
3811,Add2
3812,Esrp1
3813,Arl16
3814,Nipal4
3815,Nenf
3816,Tyms
3817,Acot1
3818,X2610019E17Rik
3819,Cdkl4
3820,Ppp1r16b
3821,Fscn2
3822,Adar
3823,C530008M17Rik
3824,A530016L24Rik
3825,Tsga13
3826,Rhoc
3827,Ivns1abp
3828,Fndc3a
3829,Rcn1
3830,Pip4k2a
3831,Ifi35
3832,Soat1
3833,Basp1
3834,BC017612
3835,Mpped1
3836,Rbpms2
3837,Ccdc122
3838,Cep135
3839,Klf3
3840,X2700094K13Rik
3841,X4933407H18Rik
3842,Nol8
3843,X4930455F23Rik
3844,Klhl14
3845,Mmp2
3846,Pde1b
3847,Eps8
3848,F8
3849,Jsrp1
3850,Cntn4
3851,Abcb4
3852,Pfkp
3853,Cspp1
3854,Gm17359
3855,Chd9
3856,Fam26f
3857,Tceal3
3858,Zbtb7c
3859,Fam13b
3860,Mylip
3861,Rspo1
3862,X5730469M10Rik
3863,Plxnc1
3864,Chi3l1
3865,Tpt1
3866,Mfap2
3867,Napg
3868,Prdm16
3869,Unc80
3870,Arl13b
3871,Reep2
3872,Gabbr1
3873,Fibin
3874,Mllt3
3875,Cntn5
3876,Gpr135
3877,Zfp941
3878,Fam126b
3879,Amhr2
3880,Lhfpl2
3881,Itpr3
3882,Calm2
3883,Tlk2
3884,Ddah1
3885,Gramd3
3886,Bach1
3887,Arhgap18
3888,Scrt1
3889,Oasl2
3890,Ddx60
3891,Scg3
3892,Spice1
3893,Gast
3894,Gm5086
3895,Tspan8
3896,X1810011H11Rik
3897,Cd300lg
3898,Fpr2
3899,Svep1
3900,Twist1
3901,Vav1
3902,Tacstd2
3903,Dio3os
3904,Hs3st6
3905,Gm166
3906,Ddr2
3907,X9930014A18Rik
3908,X5430435G22Rik
3909,Myzap
3910,Nphp1
3911,Nrip1
3912,Slc25a22
3913,Klhl5
3914,Srf
3915,Spry1
3916,Fbxo34
3917,Cyb561
3918,Gdf10
3919,Hcn1
3920,Zfp322a
3921,Myo7a
3922,Myt1
3923,Cdkl1
3924,Prr11
3925,Frk
3926,Elfn1
3927,Btg1
3928,Dnalc1
3929,X5730455O13Rik
3930,Col27a1
3931,Serinc5
3932,X2210016L21Rik
3933,X6430548M08Rik
3934,Cideb
3935,Kremen2
3936,X1500031L02Rik
3937,Ccdc160
3938,Clip4
3939,Pja1
3940,Col5a3
3941,Tnfaip8
3942,Nudt11
3943,Tctex1d1
3944,Tmem106a
3945,Calcb
3946,Klc2
3947,Evl
3948,Cast
3949,Drd5
3950,Hsf2bp
3951,Sox8
3952,Prkar2a
3953,Tmprss5
3954,Gatm
3955,Esf1
3956,Vps13a
3957,Psat1
3958,Slc38a11
3959,BC005561
3960,X1700003E16Rik
3961,Rbm34
3962,Zfp488
3963,Cd38
3964,Tex14
3965,Lyz1
3966,X4930429F24Rik
3967,Tgtp1
3968,Gm20597
3969,Pi15
3970,Tmem132c
3971,Akr1c13
3972,Dapp1
3973,Adipor2
3974,X5031426D15Rik
3975,Oprd1
3976,Gatsl3
3977,Prkch
3978,Atp6v1c1
3979,Tmem232
3980,Arxes2
3981,Scrn1
3982,Gm13476
3983,Gnl3l
3984,Trim16
3985,Chd2
3986,Slc48a1
3987,Rhou
3988,Serinc2
3989,Susd4
3990,D930020B18Rik
3991,Gm11346
3992,X5730403I07Rik
3993,Nmral1
3994,Gstt2
3995,Mafk
3996,Plk4
3997,Dhx29
3998,Rpgrip1
3999,Ccdc28a
4000,Ugdh
